com.google.javascript.jscomp.CommandLineRunnerTest::testSimpleModeLeavesUnusedParams,com.google.javascript.jscomp.CommandLineRunnerTest::testForwardDeclareDroppedTypes,com.google.javascript.jscomp.CommandLineRunnerTest::testDebugFlag1,com.google.javascript.jscomp.IntegrationTest::testIssue787,com.google.javascript.jscomp.RemoveUnusedVarsTest::testRemoveGlobal1,com.google.javascript.jscomp.RemoveUnusedVarsTest::testRemoveGlobal2,com.google.javascript.jscomp.RemoveUnusedVarsTest::testRemoveGlobal3,com.google.javascript.jscomp.RemoveUnusedVarsTest::testIssue168b
com.google.javascript.jscomp.TypeCheckTest::testBadInterfaceExtendsNonExistentInterfaces
com.google.javascript.jscomp.FlowSensitiveInlineVariablesTest::testDoNotInlineCatchExpression1a,com.google.javascript.jscomp.FlowSensitiveInlineVariablesTest::testDoNotInlineCatchExpression1,com.google.javascript.jscomp.FlowSensitiveInlineVariablesTest::testDoNotInlineCatchExpression3
com.google.javascript.jscomp.TypeCheckTest::testImplementsExtendsLoop,com.google.javascript.jscomp.TypeCheckTest::testImplementsLoop,com.google.javascript.jscomp.TypeCheckTest::testConversionFromInterfaceToRecursiveConstructor
com.google.javascript.jscomp.InlineObjectLiteralsTest::testNoInlineDeletedProperties
com.google.javascript.jscomp.LooseTypeCheckTest::testTypeRedefinition,com.google.javascript.jscomp.TypeCheckTest::testIssue635b,com.google.javascript.jscomp.TypeCheckTest::testTypeRedefinition
com.google.javascript.jscomp.ClosureReverseAbstractInterpreterTest::testGoogIsFunction2,com.google.javascript.jscomp.SemanticReverseAbstractInterpreterTest::testTypeof3
com.google.javascript.jscomp.CollapseVariableDeclarationsTest::testIssue820
com.google.javascript.jscomp.ProcessCommonJSModulesTest::testGuessModuleName
com.google.javascript.jscomp.PeepholeFoldConstantsTest::testIssue821
com.google.javascript.jscomp.TypeCheckTest::testGetprop4,com.google.javascript.jscomp.TypeCheckTest::testIssue810
com.google.javascript.jscomp.FlowSensitiveInlineVariablesTest::testIssue794b
com.google.javascript.jscomp.IntegrationTest::testIssue787
com.google.javascript.jscomp.CheckMissingReturnTest::testIssue779,com.google.javascript.jscomp.ControlFlowAnalysisTest::testDeepNestedFinally,com.google.javascript.jscomp.ControlFlowAnalysisTest::testDeepNestedBreakwithFinally
com.google.javascript.jscomp.FlowSensitiveInlineVariablesTest::testSimpleForIn
com.google.javascript.jscomp.IntegrationTest::testIssue772,com.google.javascript.jscomp.ScopedAliasesTest::testIssue772
com.google.javascript.jscomp.TypeCheckTest::testIssue688
com.google.javascript.jscomp.IntegrationTest::testDependencySorting
com.google.javascript.jscomp.TypeInferenceTest::testNoThisInference
com.google.javascript.jscomp.PeepholeSubstituteAlternateSyntaxTest::testSimpleFunctionCall
com.google.javascript.jscomp.CheckSideEffectsTest::testUselessCode
com.google.javascript.jscomp.CheckSideEffectsTest::testUselessCode
com.google.javascript.jscomp.PeepholeFoldConstantsTest::testFoldGetElem
com.google.javascript.jscomp.ScopedAliasesTest::testNonAliasLocal
com.google.javascript.jscomp.TypeInferenceTest::testBackwardsInferenceNew
com.google.javascript.jscomp.CommandLineRunnerTest::testTransformAMDAndProcessCJS,com.google.javascript.jscomp.CommandLineRunnerTest::testProcessCJS,com.google.javascript.jscomp.ProcessCommonJSModulesTest::testExports,com.google.javascript.jscomp.ProcessCommonJSModulesTest::testModuleName,com.google.javascript.jscomp.ProcessCommonJSModulesTest::testDash,com.google.javascript.jscomp.ProcessCommonJSModulesTest::testVarRenaming,com.google.javascript.jscomp.ProcessCommonJSModulesTest::testWithoutExports
com.google.javascript.rhino.IRTest::testIssue727_1,com.google.javascript.rhino.IRTest::testIssue727_2,com.google.javascript.rhino.IRTest::testIssue727_3
com.google.javascript.jscomp.InlineCostEstimatorTest::testCost,com.google.javascript.jscomp.InlineFunctionsTest::testIssue728
com.google.javascript.jscomp.InlineObjectLiteralsTest::testObject10,com.google.javascript.jscomp.InlineObjectLiteralsTest::testObject12,com.google.javascript.jscomp.InlineObjectLiteralsTest::testObject22,com.google.javascript.jscomp.InlineObjectLiteralsTest::testIssue724,com.google.javascript.jscomp.IntegrationTest::testIssue724
com.google.javascript.jscomp.FlowSensitiveInlineVariablesTest::testInlineAcrossSideEffect1,com.google.javascript.jscomp.FlowSensitiveInlineVariablesTest::testCanInlineAcrossNoSideEffect,com.google.javascript.jscomp.FlowSensitiveInlineVariablesTest::testIssue698
com.google.javascript.jscomp.CommandLineRunnerTest::testDependencySortingWhitespaceMode
com.google.javascript.jscomp.IntegrationTest::testIssue701,com.google.javascript.jscomp.parsing.JsDocInfoParserTest::testParseLicense,com.google.javascript.jscomp.parsing.JsDocInfoParserTest::testParsePreserve,com.google.javascript.jscomp.parsing.JsDocInfoParserTest::testParseLicenseAscii
com.google.javascript.jscomp.TypeCheckTest::testIssue700
com.google.javascript.jscomp.CodePrinterTest::testManyAdds
com.google.javascript.jscomp.TypeCheckTest::testIssue669
com.google.javascript.jscomp.IntegrationTest::testSingletonGetter1
com.google.javascript.jscomp.IntegrationTest::testIncompleteFunction
com.google.javascript.jscomp.CodePrinterTest::testMinusNegativeZero
com.google.javascript.rhino.jstype.RecordTypeTest::testRecursiveRecord,com.google.javascript.rhino.jstype.RecordTypeTest::testLongToString
com.google.javascript.jscomp.IntegrationTest::testIssue284,com.google.javascript.jscomp.NameAnalyzerTest::testIssue284
com.google.javascript.jscomp.LooseTypeCheckTest::testMethodInference6,com.google.javascript.jscomp.TypeCheckTest::testIssue368,com.google.javascript.jscomp.TypeCheckTest::testMethodInference6
com.google.javascript.jscomp.parsing.ParserTest::testForEach
com.google.javascript.jscomp.TypeCheckTest::testLends10,com.google.javascript.jscomp.TypeCheckTest::testLends11
com.google.javascript.jscomp.CodePrinterTest::testIssue620
com.google.javascript.jscomp.RemoveUnusedVarsTest::testIssue618_1
com.google.javascript.rhino.jstype.JSTypeTest::testRecordTypeLeastSuperType2,com.google.javascript.rhino.jstype.JSTypeTest::testRecordTypeLeastSuperType3,com.google.javascript.rhino.jstype.RecordTypeTest::testSupAndInf
com.google.debugging.sourcemap.SourceMapGeneratorV3Test::testParseSourceMetaMap,com.google.debugging.sourcemap.SourceMapGeneratorV3Test::testGoldenOutput0a,com.google.debugging.sourcemap.SourceMapGeneratorV3Test::testMultilineMapping,com.google.debugging.sourcemap.SourceMapGeneratorV3Test::testMultiFunctionMapping,com.google.debugging.sourcemap.SourceMapGeneratorV3Test::testLiteralMappingsGoldenOutput,com.google.debugging.sourcemap.SourceMapGeneratorV3Test::testMultilineMapping2,com.google.debugging.sourcemap.SourceMapGeneratorV3Test::testBasicMappingGoldenOutput,com.google.debugging.sourcemap.SourceMapGeneratorV3Test::testSourceMapMerging,com.google.debugging.sourcemap.SourceMapGeneratorV3Test::testLiteralMappings,com.google.debugging.sourcemap.SourceMapGeneratorV3Test::testBasicMapping1,com.google.debugging.sourcemap.SourceMapGeneratorV3Test::testBasicMapping2,com.google.debugging.sourcemap.SourceMapGeneratorV3Test::testGoldenOutput1,com.google.debugging.sourcemap.SourceMapGeneratorV3Test::testGoldenOutput2,com.google.debugging.sourcemap.SourceMapGeneratorV3Test::testGoldenOutput3,com.google.debugging.sourcemap.SourceMapGeneratorV3Test::testGoldenOutput4,com.google.debugging.sourcemap.SourceMapGeneratorV3Test::testGoldenOutput5
com.google.javascript.jscomp.TypeCheckTest::testIssue586
com.google.javascript.jscomp.FunctionInjectorTest::testInline19b,com.google.javascript.jscomp.FunctionInjectorTest::testInlineIntoLoop,com.google.javascript.jscomp.FunctionInjectorTest::testInline13,com.google.javascript.jscomp.FunctionInjectorTest::testInline14,com.google.javascript.jscomp.FunctionInjectorTest::testInline15,com.google.javascript.jscomp.FunctionInjectorTest::testInline16,com.google.javascript.jscomp.FunctionInjectorTest::testInline17,com.google.javascript.jscomp.FunctionInjectorTest::testInline18,com.google.javascript.jscomp.FunctionInjectorTest::testInline19,com.google.javascript.jscomp.FunctionInjectorTest::testBug1897706,com.google.javascript.jscomp.FunctionInjectorTest::testInlineFunctionWithInnerFunction5,com.google.javascript.jscomp.FunctionToBlockMutatorTest::testMutateWithParameters3,com.google.javascript.jscomp.FunctionToBlockMutatorTest::testMutateCallInLoopVars1,com.google.javascript.jscomp.FunctionToBlockMutatorTest::testMutateInitializeUninitializedVars1,com.google.javascript.jscomp.FunctionToBlockMutatorTest::testMutateInitializeUninitializedVars2,com.google.javascript.jscomp.FunctionToBlockMutatorTest::testMutateFunctionDefinition,com.google.javascript.jscomp.FunctionToBlockMutatorTest::testMutate8,com.google.javascript.jscomp.InlineFunctionsTest::testLoopWithFunctionWithFunction,com.google.javascript.jscomp.InlineFunctionsTest::testShadowVariables16,com.google.javascript.jscomp.InlineFunctionsTest::testShadowVariables18,com.google.javascript.jscomp.InlineFunctionsTest::testCostBasedInlining11,com.google.javascript.jscomp.InlineFunctionsTest::testMixedModeInliningCosting3,com.google.javascript.jscomp.InlineFunctionsTest::testInlineNeverMutateConstants,com.google.javascript.jscomp.InlineFunctionsTest::testInlineWithThis7,com.google.javascript.jscomp.InlineFunctionsTest::testAnonymous1,com.google.javascript.jscomp.InlineFunctionsTest::testAnonymous3,com.google.javascript.jscomp.InlineFunctionsTest::testShadowVariables1,com.google.javascript.jscomp.InlineFunctionsTest::testShadowVariables3,com.google.javascript.jscomp.InlineFunctionsTest::testShadowVariables6,com.google.javascript.jscomp.InlineFunctionsTest::testShadowVariables7,com.google.javascript.jscomp.InlineFunctionsTest::testFunctionExpressionCallInlining11b,com.google.javascript.jscomp.InlineFunctionsTest::testComplexInlineNoResultNoParamCall3,com.google.javascript.jscomp.InlineFunctionsTest::testCostBasedInlining9,com.google.javascript.jscomp.InlineFunctionsTest::testMethodWithFunctionWithFunction,com.google.javascript.jscomp.InlineFunctionsTest::testFunctionExpressionYCombinator,com.google.javascript.jscomp.InlineFunctionsTest::testComplexInlineVars7,com.google.javascript.jscomp.InlineFunctionsTest::testComplexFunctionWithFunctionDefinition2a,com.google.javascript.jscomp.InlineFunctionsTest::testComplexInline7,com.google.javascript.jscomp.InlineFunctionsTest::testFunctionExpressionOmega,com.google.javascript.jscomp.InlineFunctionsTest::testInlineFunctions15b,com.google.javascript.jscomp.InlineFunctionsTest::testInlineFunctions15d,com.google.javascript.jscomp.InlineFunctionsTest::testInlineFunctions16a,com.google.javascript.jscomp.InlineFunctionsTest::testBug4944818,com.google.javascript.jscomp.InlineFunctionsTest::testComplexSample,com.google.javascript.jscomp.InlineFunctionsTest::testNoInlineIfParametersModified1,com.google.javascript.jscomp.InlineFunctionsTest::testNoInlineIfParametersModified2,com.google.javascript.jscomp.InlineFunctionsTest::testNoInlineIfParametersModified3,com.google.javascript.jscomp.InlineFunctionsTest::testNoInlineIfParametersModified4,com.google.javascript.jscomp.InlineFunctionsTest::testNoInlineIfParametersModified5,com.google.javascript.jscomp.InlineFunctionsTest::testNoInlineIfParametersModified6,com.google.javascript.jscomp.InlineFunctionsTest::testNoInlineIfParametersModified7,com.google.javascript.jscomp.InlineFunctionsTest::testIssue423,com.google.javascript.jscomp.InlineFunctionsTest::testComplexFunctionWithFunctionDefinition2,com.google.javascript.jscomp.InlineFunctionsTest::testComplexFunctionWithFunctionDefinition3,com.google.javascript.jscomp.InlineFunctionsTest::testDecomposeFunctionExpressionInCall,com.google.javascript.jscomp.InlineFunctionsTest::testInlineNeverOverrideNewValues,com.google.javascript.jscomp.InlineFunctionsTest::testInlineBlockMutableArgs1,com.google.javascript.jscomp.InlineFunctionsTest::testInlineBlockMutableArgs2,com.google.javascript.jscomp.InlineFunctionsTest::testInlineBlockMutableArgs3,com.google.javascript.jscomp.InlineFunctionsTest::testInlineBlockMutableArgs4,com.google.javascript.jscomp.InlineFunctionsTest::testInlineFunctions10,com.google.javascript.jscomp.InlineFunctionsTest::testInlineFunctions13,com.google.javascript.jscomp.InlineFunctionsTest::testInlineFunctions22,com.google.javascript.jscomp.InlineFunctionsTest::testInlineFunctions23,com.google.javascript.jscomp.InlineFunctionsTest::testInlineFunctions9,com.google.javascript.jscomp.MakeDeclaredNamesUniqueTest::testMakeLocalNamesUniqueWithContext5
com.google.javascript.jscomp.PeepholeReplaceKnownMethodsTest::testStringJoinAdd,com.google.javascript.jscomp.PeepholeReplaceKnownMethodsTest::testNoStringJoin
com.google.javascript.jscomp.CodePrinterTest::testIssue582
com.google.javascript.jscomp.CodePrinterTest::testNumericKeys
com.google.javascript.jscomp.InlineObjectLiteralsTest::testBug545
com.google.javascript.jscomp.TypeCheckTest::testIssue537a,com.google.javascript.jscomp.TypeCheckTest::testIssue537b,com.google.javascript.jscomp.TypedScopeCreatorTest::testPropertyOnUnknownSuperClass2
com.google.javascript.jscomp.FunctionRewriterTest::testIssue538
com.google.javascript.jscomp.JSCompilerSourceExcerptProviderTest::testExceptNoNewLine,com.google.javascript.jscomp.JsMessageExtractorTest::testSyntaxError1,com.google.javascript.jscomp.JsMessageExtractorTest::testSyntaxError2
com.google.javascript.jscomp.ClosureCodingConventionTest::testRequire
com.google.javascript.jscomp.LiveVariableAnalysisTest::testExpressionInForIn
com.google.javascript.jscomp.CommandLineRunnerTest::testCheckGlobalThisOff
com.google.javascript.jscomp.CommandLineRunnerTest::testIssue504,com.google.javascript.jscomp.NodeUtilTest::testGetBooleanValue
com.google.javascript.jscomp.PeepholeRemoveDeadCodeTest::testCall1,com.google.javascript.jscomp.PeepholeRemoveDeadCodeTest::testCall2,com.google.javascript.jscomp.PeepholeRemoveDeadCodeTest::testRemoveUselessOps
com.google.javascript.jscomp.LightweightMessageFormatterTest::testFormatErrorSpaceEndOfLine1,com.google.javascript.jscomp.LightweightMessageFormatterTest::testFormatErrorSpaceEndOfLine2

com.google.javascript.jscomp.CommandLineRunnerTest::testES5StrictUseStrictMultipleInputs
com.google.javascript.jscomp.CodePrinterTest::testZero
com.google.javascript.jscomp.TypeCheckTest::testGetTypedPercent5,com.google.javascript.jscomp.TypeCheckTest::testGetTypedPercent6
com.google.javascript.jscomp.RemoveUnusedPrototypePropertiesTest::testAliasing7
com.google.javascript.jscomp.parsing.JsDocInfoParserTest::testIssue477
com.google.javascript.jscomp.TypeCheckTest::testThisTypeOfFunction2,com.google.javascript.jscomp.TypeCheckTest::testThisTypeOfFunction3,com.google.javascript.jscomp.TypeCheckTest::testThisTypeOfFunction4
com.google.javascript.jscomp.LooseTypeCheckTest::testDuplicateLocalVarDecl,com.google.javascript.jscomp.LooseTypeCheckTest::testFunctionArguments13,com.google.javascript.jscomp.TypeCheckTest::testScoping12,com.google.javascript.jscomp.TypeCheckTest::testDuplicateLocalVarDecl,com.google.javascript.jscomp.TypeCheckTest::testFunctionArguments13
com.google.javascript.jscomp.CheckAccessControlsTest::testNoPrivateAccessForProperties6,com.google.javascript.jscomp.CheckAccessControlsTest::testNoPrivateAccessForProperties8
com.google.javascript.jscomp.InlineFunctionsTest::testInlineFunctions31
com.google.javascript.jscomp.CodePrinterTest::testUnicode
com.google.javascript.jscomp.PeepholeFoldConstantsTest::testFoldComparison3,com.google.javascript.jscomp.PeepholeFoldConstantsTest::testInvertibleOperators,com.google.javascript.jscomp.PeepholeFoldConstantsTest::testCommutativeOperators
com.google.javascript.jscomp.PeepholeFoldConstantsTest::testIEString
com.google.javascript.jscomp.DeadAssignmentsEliminationTest::testInExpression2,com.google.javascript.jscomp.DeadAssignmentsEliminationTest::testIssue384b,com.google.javascript.jscomp.DeadAssignmentsEliminationTest::testIssue384c,com.google.javascript.jscomp.DeadAssignmentsEliminationTest::testIssue384d
com.google.javascript.jscomp.CodePrinterTest::testZero
com.google.javascript.jscomp.PeepholeFoldConstantsTest::testFoldArithmetic
com.google.javascript.jscomp.NormalizeTest::testIssue,com.google.javascript.jscomp.VarCheckTest::testPropReferenceInExterns1,com.google.javascript.jscomp.VarCheckTest::testPropReferenceInExterns3,com.google.javascript.jscomp.VarCheckTest::testVarReferenceInExterns,com.google.javascript.jscomp.VarCheckTest::testCallInExterns
com.google.javascript.jscomp.NodeUtilTest::testIsBooleanResult,com.google.javascript.jscomp.NodeUtilTest::testLocalValue1
com.google.javascript.jscomp.parsing.ParserTest::testUnnamedFunctionStatement
com.google.javascript.jscomp.TypeCheckTest::testIssue301,com.google.javascript.rhino.jstype.FunctionTypeTest::testEmptyFunctionTypes
com.google.javascript.jscomp.CommandLineRunnerTest::testVersionFlag2
com.google.javascript.jscomp.parsing.ParserTest::testDestructuringAssignForbidden4
com.google.javascript.jscomp.UnreachableCodeEliminationTest::testCascadedRemovalOfUnlessUnconditonalJumps,com.google.javascript.jscomp.UnreachableCodeEliminationTest::testIssue311
com.google.javascript.jscomp.NodeUtilTest::testLocalValue1,com.google.javascript.jscomp.PureFunctionIdentifierTest::testLocalizedSideEffects8,com.google.javascript.jscomp.PureFunctionIdentifierTest::testLocalizedSideEffects9,com.google.javascript.jscomp.PureFunctionIdentifierTest::testAnnotationInExterns_new4,com.google.javascript.jscomp.PureFunctionIdentifierTest::testAnnotationInExterns_new6,com.google.javascript.jscomp.PureFunctionIdentifierTest::testIssue303b,com.google.javascript.jscomp.PureFunctionIdentifierTest::testIssue303
com.google.javascript.jscomp.PeepholeSubstituteAlternateSyntaxTest::testIssue291
com.google.javascript.jscomp.CommandLineRunnerTest::testIssue297,com.google.javascript.jscomp.DeadAssignmentsEliminationTest::testIssue297a,com.google.javascript.jscomp.DeadAssignmentsEliminationTest::testIssue297b,com.google.javascript.jscomp.DeadAssignmentsEliminationTest::testIssue297c,com.google.javascript.jscomp.DeadAssignmentsEliminationTest::testIssue297d,com.google.javascript.jscomp.DeadAssignmentsEliminationTest::testIssue297e,com.google.javascript.jscomp.DeadAssignmentsEliminationTest::testIssue297f
com.google.javascript.jscomp.CollapsePropertiesTest::testAddPropertyToChildOfUncollapsibleFunctionInLocalScope,com.google.javascript.jscomp.CollapsePropertiesTest::testAliasCreatedForFunctionDepth1_1,com.google.javascript.jscomp.CollapsePropertiesTest::testAliasCreatedForFunctionDepth1_2,com.google.javascript.jscomp.CollapsePropertiesTest::testAliasCreatedForFunctionDepth1_3,com.google.javascript.jscomp.CollapsePropertiesTest::testAddPropertyToUncollapsibleNamedCtorInLocalScopeDepth1,com.google.javascript.jscomp.CollapsePropertiesTest::testAddPropertyToUncollapsibleFunctionInLocalScopeDepth1,com.google.javascript.jscomp.CollapsePropertiesTest::testAddPropertyToUncollapsibleFunctionInLocalScopeDepth2,com.google.javascript.jscomp.CollapsePropertiesTest::testAliasCreatedForFunctionDepth2
com.google.javascript.jscomp.TypeCheckTest::testBackwardsTypedefUse8,com.google.javascript.jscomp.TypeCheckTest::testBackwardsTypedefUse9
com.google.javascript.jscomp.CheckGlobalThisTest::testLendsAnnotation3
com.google.javascript.jscomp.ProcessClosurePrimitivesTest::testProvideInIndependentModules4

com.google.javascript.jscomp.NodeUtilTest::testValidDefine,com.google.javascript.jscomp.ProcessDefinesTest::testOverridingString1,com.google.javascript.jscomp.ProcessDefinesTest::testOverridingString3
com.google.javascript.jscomp.TypeCheckTest::testQualifiedNameInference5,com.google.javascript.jscomp.TypedScopeCreatorTest::testGlobalQualifiedNameInLocalScope
com.google.javascript.jscomp.TypeCheckTest::testFunctionArguments16
com.google.javascript.jscomp.PeepholeFoldConstantsTest::testFoldBitShifts
com.google.javascript.jscomp.InlineVariablesTest::testNoInlineAliasesInLoop
com.google.javascript.jscomp.CheckGlobalThisTest::testPropertyOfMethod,com.google.javascript.jscomp.CheckGlobalThisTest::testMethod4,com.google.javascript.jscomp.CheckGlobalThisTest::testInterface1
com.google.javascript.jscomp.CheckGlobalThisTest::testStaticFunction6,com.google.javascript.jscomp.CheckGlobalThisTest::testStaticFunction7,com.google.javascript.jscomp.CheckGlobalThisTest::testStaticFunction8,com.google.javascript.jscomp.CheckGlobalThisTest::testGlobalThis7,com.google.javascript.jscomp.CheckGlobalThisTest::testStaticMethod2,com.google.javascript.jscomp.CheckGlobalThisTest::testStaticMethod3,com.google.javascript.jscomp.CheckGlobalThisTest::testInnerFunction1,com.google.javascript.jscomp.CheckGlobalThisTest::testInnerFunction2,com.google.javascript.jscomp.CheckGlobalThisTest::testInnerFunction3
com.google.javascript.jscomp.CommandLineRunnerTest::testProcessClosurePrimitives
com.google.javascript.jscomp.CompilerRunnerTest::testIssue115
com.google.javascript.jscomp.CheckUnreachableCodeTest::testInstanceOfThrowsException,com.google.javascript.jscomp.ControlFlowAnalysisTest::testInstanceOf,com.google.javascript.jscomp.DisambiguatePropertiesTest::testSupertypeReferenceOfSubtypeProperty
com.google.javascript.rhino.jstype.UnionTypeTest::testGreatestSubtypeUnionTypes5
com.google.javascript.jscomp.FoldConstantsTest::testStringJoinAdd
com.google.javascript.jscomp.CheckSideEffectsTest::testJSDocComments,com.google.javascript.jscomp.CollapsePropertiesTest::testTwinReferenceCancelsChildCollapsing,com.google.javascript.jscomp.CollapsePropertiesTest::testCrashInNestedAssign,com.google.javascript.jscomp.CollapsePropertiesTest::testCrashInCommaOperator
com.google.javascript.jscomp.CommandLineRunnerTest::testGetMsgWiringNoWarnings
com.google.javascript.jscomp.ScopedAliasesTest::testIssue1144
com.google.javascript.jscomp.parsing.JsDocInfoParserTest::testStructuralConstructor2,com.google.javascript.jscomp.parsing.JsDocInfoParserTest::testStructuralConstructor3
com.google.javascript.jscomp.ScopedAliasesTest::testHoistedFunctionDeclaration,com.google.javascript.jscomp.ScopedAliasesTest::testFunctionDeclaration
com.google.javascript.jscomp.ClosureReverseAbstractInterpreterTest::testGoogIsArray2
com.google.javascript.jscomp.TypeCheckTest::testIssue1058,com.google.javascript.jscomp.TypeCheckTest::testTemplatized11
com.google.javascript.jscomp.VarCheckTest::testNoUndeclaredVarWhenUsingClosurePass
com.google.javascript.jscomp.NameAnalyzerTest::testAssignWithCall
com.google.javascript.jscomp.InlineFunctionsTest::testBug4944818,com.google.javascript.jscomp.InlineFunctionsTest::testDoubleInlining1,com.google.javascript.jscomp.InlineFunctionsTest::testNoInlineIfParametersModified8,com.google.javascript.jscomp.InlineFunctionsTest::testNoInlineIfParametersModified9,com.google.javascript.jscomp.InlineFunctionsTest::testInlineFunctions6
com.google.javascript.jscomp.FunctionInjectorTest::testIssue1101a,com.google.javascript.jscomp.FunctionInjectorTest::testIssue1101b,com.google.javascript.jscomp.InlineFunctionsTest::testBug4944818,com.google.javascript.jscomp.InlineFunctionsTest::testDoubleInlining2,com.google.javascript.jscomp.InlineFunctionsTest::testIssue1101,com.google.javascript.jscomp.InlineFunctionsTest::testInlineIfParametersModified8,com.google.javascript.jscomp.InlineFunctionsTest::testInlineIfParametersModified9,com.google.javascript.jscomp.InlineFunctionsTest::testInlineFunctions6
com.google.javascript.jscomp.TypeCheckTest::testIssue1047
com.google.javascript.jscomp.DisambiguatePropertiesTest::testOneType4,com.google.javascript.jscomp.DisambiguatePropertiesTest::testTwoTypes4
com.google.javascript.jscomp.CheckGlobalNamesTest::testGlobalCatch
com.google.javascript.jscomp.InlineVariablesTest::testExternalIssue1053
com.google.javascript.jscomp.InlineVariablesTest::testExternalIssue1053
com.google.javascript.jscomp.parsing.ParserTest::testSuspiciousBlockCommentWarning3,com.google.javascript.jscomp.parsing.ParserTest::testSuspiciousBlockCommentWarning4,com.google.javascript.jscomp.parsing.ParserTest::testSuspiciousBlockCommentWarning5
com.google.javascript.jscomp.CodePrinterTest::testPrintInOperatorInForLoop
com.google.javascript.jscomp.ExploitAssignsTest::testIssue1017
com.google.javascript.jscomp.TypeCheckTest::testIssue1002
com.google.javascript.jscomp.MinimizeExitPointsTest::testDontRemoveBreakInTryFinally,com.google.javascript.jscomp.MinimizeExitPointsTest::testFunctionReturnOptimization
com.google.javascript.jscomp.UnreachableCodeEliminationTest::testIssue4177428_return,com.google.javascript.jscomp.UnreachableCodeEliminationTest::testDontRemoveBreakInTryFinally,com.google.javascript.jscomp.UnreachableCodeEliminationTest::testIssue4177428_continue,com.google.javascript.jscomp.UnreachableCodeEliminationTest::testDontRemoveBreakInTryFinallySwitch,com.google.javascript.jscomp.UnreachableCodeEliminationTest::testIssue4177428a,com.google.javascript.jscomp.UnreachableCodeEliminationTest::testIssue4177428c
com.google.javascript.jscomp.CodePrinterTest::testIssue942
com.google.javascript.jscomp.IntegrationTest::testIssue937
com.google.javascript.jscomp.CollapsePropertiesTest::testIssue931
com.google.javascript.jscomp.ConvertToDottedPropertiesTest::testQuotedProps,com.google.javascript.jscomp.ConvertToDottedPropertiesTest::testDoNotConvert
com.google.javascript.jscomp.PeepholeSubstituteAlternateSyntaxTest::testIssue925
com.google.javascript.jscomp.parsing.JsDocInfoParserTest::testTextExtents
com.google.javascript.jscomp.AmbiguatePropertiesTest::testImplementsAndExtends,com.google.javascript.jscomp.TypeCheckTest::testIssue86
com.google.javascript.jscomp.DevirtualizePrototypeMethodsTest::testRewritePrototypeMethods2,com.google.javascript.jscomp.TypeCheckTest::testGoodExtends9
com.google.javascript.jscomp.InlineGettersTest::testIssue2508576_1,com.google.javascript.jscomp.InlineGettersTest::testIssue2508576_3,com.google.javascript.jscomp.MethodCheckTest::testSeparateMethods,com.google.javascript.jscomp.RenameVarsTest::testDollarSignSuperExport2
com.google.javascript.jscomp.MakeDeclaredNamesUniqueTest::testOnlyInversion3,com.google.javascript.jscomp.MakeDeclaredNamesUniqueTest::testOnlyInversion4,com.google.javascript.jscomp.MakeDeclaredNamesUniqueTest::testArguments,com.google.javascript.jscomp.MakeDeclaredNamesUniqueTest::testMakeLocalNamesUniqueWithContext1,com.google.javascript.jscomp.NormalizeTest::testRemoveDuplicateVarDeclarations2
com.google.javascript.jscomp.ClosureReverseAbstractInterpreterTest::testGoogIsArrayOnNull,com.google.javascript.jscomp.ClosureReverseAbstractInterpreterTest::testGoogIsFunctionOnNull,com.google.javascript.jscomp.ClosureReverseAbstractInterpreterTest::testGoogIsObjectOnNull,com.google.javascript.jscomp.TypeCheckTest::testIssue124b,com.google.javascript.jscomp.TypeCheckTest::testIssue124
com.google.javascript.jscomp.NormalizeTest::testNormalizeFunctionDeclarations,com.google.javascript.jscomp.NormalizeTest::testRemoveDuplicateVarDeclarations3,com.google.javascript.jscomp.NormalizeTest::testMoveFunctions2
com.google.javascript.jscomp.CrossModuleCodeMotionTest::testEmptyModule
com.google.javascript.jscomp.ExpresssionDecomposerTest::testCanExposeExpression2,com.google.javascript.jscomp.ExpresssionDecomposerTest::testCanExposeExpression7,com.google.javascript.jscomp.InlineFunctionsTest::testDecomposeAnonymousInCall,com.google.javascript.jscomp.PureFunctionIdentifierTest::testCallFunctionFOrGViaHookWithSideEffects,com.google.javascript.jscomp.PureFunctionIdentifierTest::testCallFunctionForGorH,com.google.javascript.jscomp.PureFunctionIdentifierTest::testCallFunctionFOrG,com.google.javascript.jscomp.PureFunctionIdentifierTest::testCallFunctionFOrGViaHook,com.google.javascript.jscomp.PureFunctionIdentifierTest::testCallFunctionFOrGWithSideEffects
com.google.javascript.jscomp.CoalesceVariableNamesTest::testParameter4,com.google.javascript.jscomp.parsing.JsDocInfoParserTest::testParseLicenseWithAnnotation
com.google.javascript.jscomp.CommandLineRunnerTest::testDefineFlag3,com.google.javascript.jscomp.RemoveConstantExpressionsTest::testCall1,com.google.javascript.jscomp.RemoveConstantExpressionsTest::testNew1
com.google.javascript.jscomp.CodePrinterTest::testTypeAnnotationsAssign,com.google.javascript.jscomp.CodePrinterTest::testTypeAnnotationsMember,com.google.javascript.jscomp.CodePrinterTest::testOptionalTypesAnnotation,com.google.javascript.jscomp.CodePrinterTest::testTempConstructor,com.google.javascript.jscomp.CodePrinterTest::testTypeAnnotationsDispatcher1,com.google.javascript.jscomp.CodePrinterTest::testTypeAnnotationsDispatcher2,com.google.javascript.jscomp.CodePrinterTest::testTypeAnnotationsImplements,com.google.javascript.jscomp.CodePrinterTest::testTypeAnnotationsNamespace,com.google.javascript.jscomp.CodePrinterTest::testTypeAnnotations,com.google.javascript.jscomp.CodePrinterTest::testVariableArgumentsTypesAnnotation,com.google.javascript.jscomp.CodePrinterTest::testEmitUnknownParamTypesAsAllType,com.google.javascript.jscomp.CodePrinterTest::testTypeAnnotationsMemberSubclass,com.google.javascript.jscomp.DevirtualizePrototypeMethodsTest::testRewritePrototypeMethods2,com.google.javascript.jscomp.DisambiguatePropertiesTest::testStaticProperty,com.google.javascript.jscomp.ExternExportsPassTest::testExportDontEmitPrototypePathPrefix,com.google.javascript.jscomp.ExternExportsPassTest::testExportMultiple,com.google.javascript.jscomp.ExternExportsPassTest::testExportSymbolWithConstructor,com.google.javascript.jscomp.ExternExportsPassTest::testExportSymbolDefinedInVar,com.google.javascript.jscomp.ExternExportsPassTest::testExportSymbol,com.google.javascript.jscomp.ExternExportsPassTest::testExportMultiple2,com.google.javascript.jscomp.ExternExportsPassTest::testExportMultiple3,com.google.javascript.jscomp.ExternExportsPassTest::testExportProperty,com.google.javascript.jscomp.LooseTypeCheckTest::testNestedFunctionInference1,com.google.javascript.jscomp.LooseTypeCheckTest::testScoping10,com.google.javascript.jscomp.LooseTypeCheckTest::testDuplicateOldTypeDef,com.google.javascript.jscomp.LooseTypeCheckTest::testBadConstructorCall,com.google.javascript.jscomp.LooseTypeCheckTest::testDontAddMethodsIfNoConstructor,com.google.javascript.jscomp.LooseTypeCheckTest::testInterfaceInheritanceCheck11,com.google.javascript.jscomp.LooseTypeCheckTest::testErrorMismatchingPropertyOnInterface5,com.google.javascript.jscomp.LooseTypeCheckTest::testDuplicateTypeDef,com.google.javascript.jscomp.LooseTypeCheckTest::testBug911118,com.google.javascript.jscomp.LooseTypeCheckTest::testFunctionInference12,com.google.javascript.jscomp.LooseTypeCheckTest::testFunctionInference13,com.google.javascript.jscomp.LooseTypeCheckTest::testFunctionInference15,com.google.javascript.jscomp.LooseTypeCheckTest::testFunctionInference16,com.google.javascript.jscomp.LooseTypeCheckTest::testPrototypePropertyReference,com.google.javascript.jscomp.LooseTypeCheckTest::testGoodExtends7,com.google.javascript.jscomp.LooseTypeCheckTest::testTypeRedefinition,com.google.javascript.jscomp.LooseTypeCheckTest::testFunctionInference1,com.google.javascript.jscomp.LooseTypeCheckTest::testFunctionInference2,com.google.javascript.jscomp.LooseTypeCheckTest::testFunctionInference3,com.google.javascript.jscomp.LooseTypeCheckTest::testFunctionInference4,com.google.javascript.jscomp.LooseTypeCheckTest::testFunctionInference7,com.google.javascript.jscomp.LooseTypeCheckTest::testFunctionInference8,com.google.javascript.jscomp.LooseTypeCheckTest::testFunctionInference9,com.google.javascript.jscomp.LooseTypeCheckTest::testInterfaceInheritanceCheck7,com.google.javascript.jscomp.LooseTypeCheckTest::testDuplicateStaticMethodDecl1,com.google.javascript.jscomp.LooseTypeCheckTest::testDuplicateStaticMethodDecl5,com.google.javascript.jscomp.TypeCheckTest::testNestedFunctionInference1,com.google.javascript.jscomp.TypeCheckTest::testScoping10,com.google.javascript.jscomp.TypeCheckTest::testDuplicateOldTypeDef,com.google.javascript.jscomp.TypeCheckTest::testInferredReturn1,com.google.javascript.jscomp.TypeCheckTest::testInferredReturn2,com.google.javascript.jscomp.TypeCheckTest::testInferredReturn3,com.google.javascript.jscomp.TypeCheckTest::testInferredReturn4,com.google.javascript.jscomp.TypeCheckTest::testInferredReturn6,com.google.javascript.jscomp.TypeCheckTest::testBadConstructorCall,com.google.javascript.jscomp.TypeCheckTest::testDontAddMethodsIfNoConstructor,com.google.javascript.jscomp.TypeCheckTest::testInterfaceInheritanceCheck11,com.google.javascript.jscomp.TypeCheckTest::testErrorMismatchingPropertyOnInterface5,com.google.javascript.jscomp.TypeCheckTest::testDuplicateTypeDef,com.google.javascript.jscomp.TypeCheckTest::testBug911118,com.google.javascript.jscomp.TypeCheckTest::testFunctionInference12,com.google.javascript.jscomp.TypeCheckTest::testFunctionInference13,com.google.javascript.jscomp.TypeCheckTest::testFunctionInference15,com.google.javascript.jscomp.TypeCheckTest::testFunctionInference16,com.google.javascript.jscomp.TypeCheckTest::testPrototypePropertyReference,com.google.javascript.jscomp.TypeCheckTest::testGoodExtends7,com.google.javascript.jscomp.TypeCheckTest::testTypeRedefinition,com.google.javascript.jscomp.TypeCheckTest::testFunctionInference1,com.google.javascript.jscomp.TypeCheckTest::testFunctionInference2,com.google.javascript.jscomp.TypeCheckTest::testFunctionInference3,com.google.javascript.jscomp.TypeCheckTest::testFunctionInference4,com.google.javascript.jscomp.TypeCheckTest::testFunctionInference7,com.google.javascript.jscomp.TypeCheckTest::testFunctionInference8,com.google.javascript.jscomp.TypeCheckTest::testFunctionInference9,com.google.javascript.jscomp.TypeCheckTest::testInterfaceInheritanceCheck7,com.google.javascript.jscomp.TypeCheckTest::testDuplicateStaticMethodDecl1,com.google.javascript.jscomp.TypeCheckTest::testDuplicateStaticMethodDecl5,com.google.javascript.jscomp.TypedScopeCreatorTest::testConstructorNode,com.google.javascript.jscomp.TypedScopeCreatorTest::testPropertiesOnInterface,com.google.javascript.jscomp.TypedScopeCreatorTest::testMethodBeforeFunction,com.google.javascript.jscomp.TypedScopeCreatorTest::testConstructorProperty,com.google.javascript.jscomp.TypedScopeCreatorTest::testReturnTypeInference1
com.google.javascript.jscomp.CodePrinterTest::testFunctionSafariCompatiblity,com.google.javascript.jscomp.CodePrinterTest::testDoLoopIECompatiblity
com.google.javascript.jscomp.SemanticReverseAbstractInterpreterTest::testEqCondition4
com.google.javascript.jscomp.CheckGlobalThisTest::testIssue182a,com.google.javascript.jscomp.CheckGlobalThisTest::testIssue182b,com.google.javascript.jscomp.RuntimeTypeCheckTest::testValueWithInnerFn
com.google.javascript.jscomp.PeepholeFoldConstantsTest::testFoldTypeof,com.google.javascript.jscomp.SourceMapTest::testGoldenOutput0,com.google.javascript.jscomp.SourceMapTest::testGoldenOutput1,com.google.javascript.jscomp.SourceMapTest::testGoldenOutput2,com.google.javascript.jscomp.SourceMapTest::testGoldenOutput3,com.google.javascript.jscomp.SourceMapTest::testGoldenOutput4
com.google.javascript.jscomp.CommandLineRunnerTest::testCharSetExpansion
com.google.javascript.jscomp.TypedScopeCreatorTest::testNamespacedFunctionStubLocal,com.google.javascript.jscomp.TypedScopeCreatorTest::testCollectedFunctionStubLocal
com.google.javascript.jscomp.CommandLineRunnerTest::testVersionFlag
com.google.javascript.jscomp.TypeCheckTest::testBackwardsTypedefUse1,com.google.javascript.jscomp.TypeCheckTest::testBackwardsTypedefUse2,com.google.javascript.jscomp.TypeCheckTest::testBackwardsTypedefUse3
com.google.javascript.jscomp.NormalizeTest::testDuplicateVarInExterns,com.google.javascript.jscomp.NormalizeTest::testMakeLocalNamesUnique
com.google.javascript.jscomp.TypeCheckTest::testInterfaceInheritanceCheck12
com.google.javascript.jscomp.InlineVariablesTest::testArgumentsModifiedInInnerFunction,com.google.javascript.jscomp.InlineVariablesTest::testArgumentsModifiedInOuterFunction,com.google.javascript.jscomp.InlineVariablesTest::testIssue378ModifiedArguments1,com.google.javascript.jscomp.InlineVariablesTest::testIssue378ModifiedArguments2,com.google.javascript.jscomp.InlineVariablesTest::testIssue378EscapedArguments1,com.google.javascript.jscomp.InlineVariablesTest::testIssue378EscapedArguments2,com.google.javascript.jscomp.InlineVariablesTest::testIssue378EscapedArguments4
com.google.javascript.jscomp.CollapsePropertiesTest::testAliasedTopLevelEnum,com.google.javascript.jscomp.CollapsePropertiesTest::testIssue389
com.google.javascript.jscomp.CodePrinterTest::testObjectLit2,com.google.javascript.jscomp.CodePrinterTest::testObjectLit3,com.google.javascript.jscomp.CodePrinterTest::testGetter,com.google.javascript.jscomp.CodePrinterTest::testSetter,com.google.javascript.jscomp.FunctionNamesTest::testFunctionsNamesAndIds,com.google.javascript.jscomp.RenamePropertiesTest::testPrototypePropertiesAsObjLitKeys2,com.google.javascript.jscomp.RenamePropertiesTest::testPrototypePropertiesAsObjLitKeys3,com.google.javascript.jscomp.SimpleDefinitionFinderTest::testDefineNumber,com.google.javascript.jscomp.parsing.IRFactoryTest::testObjectLiteral6,com.google.javascript.jscomp.parsing.IRFactoryTest::testObjectLiteral7,com.google.javascript.jscomp.parsing.IRFactoryTest::testObjectLiteral8,com.google.javascript.jscomp.parsing.ParserTest::testObjectLiteralDoc1
com.google.javascript.jscomp.CommandLineRunnerTest::testWarningGuardOrdering2,com.google.javascript.jscomp.CommandLineRunnerTest::testWarningGuardOrdering4
com.google.javascript.jscomp.InlineFunctionsTest::testIssue423
com.google.javascript.jscomp.CommandLineRunnerTest::testCheckSymbolsOverrideForQuiet
com.google.javascript.jscomp.PeepholeFoldConstantsTest::testIssue522
com.google.javascript.jscomp.ScopedAliasesTest::testForwardJsDoc
com.google.javascript.jscomp.CrossModuleMethodMotionTest::testIssue600b,com.google.javascript.jscomp.CrossModuleMethodMotionTest::testIssue600e,com.google.javascript.jscomp.CrossModuleMethodMotionTest::testIssue600
com.google.javascript.jscomp.LooseTypeCheckTest::testMethodInference7,com.google.javascript.jscomp.TypeCheckTest::testMethodInference7,com.google.javascript.rhino.jstype.FunctionTypeTest::testSupAndInfOfReturnTypesWithNumOfParams
com.google.javascript.jscomp.TypeCheckTest::testIssue725
com.google.javascript.jscomp.TypeInferenceTest::testRecordInference,com.google.javascript.jscomp.TypeInferenceTest::testIssue785
com.google.javascript.jscomp.TypeCheckTest::testIssue783,com.google.javascript.jscomp.TypeCheckTest::testMissingProperty20,com.google.javascript.rhino.jstype.JSTypeTest::testRestrictedTypeGivenToBoolean
com.google.javascript.jscomp.TypeCheckTest::testIssue726
com.google.javascript.jscomp.TypeCheckTest::testIssue791,com.google.javascript.rhino.jstype.RecordTypeTest::testSubtypeWithUnknowns2
com.google.javascript.jscomp.FlowSensitiveInlineVariablesTest::testVarAssinInsideHookIssue965
com.google.javascript.jscomp.TypeCheckTest::testIssue1023,com.google.javascript.jscomp.TypedScopeCreatorTest::testMethodBeforeFunction2,com.google.javascript.jscomp.TypedScopeCreatorTest::testPropertiesOnInterface2
com.google.javascript.jscomp.TypeCheckTest::testIssue1024
com.google.javascript.jscomp.CodePrinterTest::testPrint,com.google.javascript.jscomp.CodePrinterTest::testIssue1062,com.google.javascript.jscomp.PeepholeSubstituteAlternateSyntaxTest::testAssocitivity
com.google.javascript.jscomp.ScopedAliasesTest::testIssue1103a,com.google.javascript.jscomp.ScopedAliasesTest::testIssue1103b,com.google.javascript.jscomp.ScopedAliasesTest::testIssue1103c
com.google.javascript.jscomp.FunctionInjectorTest::testIssue1101a,com.google.javascript.jscomp.FunctionInjectorTest::testIssue1101b,com.google.javascript.jscomp.InlineFunctionsTest::testCostBasedInlining10,com.google.javascript.jscomp.InlineFunctionsTest::testIssue1101,com.google.javascript.jscomp.InlineFunctionsTest::testInlineMutableArgsReferencedOnce
com.google.javascript.jscomp.TypeCheckTest::testIssue1056
